venue,exchange_name,instrument_code,contract_code,contract_name,underlying_code,underlying_kind,market,segment,unit,currency,notes,index_id,index_name,isin,data_start_date,data_end_date,data_rows,source_file,product_type,contract_variant,source_url,validation_contract_url,validation_underlying_url,validation_search_url
CME,CME Group (CME),FBX01_FUTURE,FBX01,FBX01 (Baltic) Futures,FBX01,route,CONTAINERS,FBX,,,FBX01 (Baltic) Futures,,,,,,,,FUTURE,FUTURE,https://www.balticexchange.com/en/data-services/freight-derivatives-/Clearing.html,https://www.balticexchange.com/en/data-services/freight-derivatives-/Clearing.html,https://www.balticexchange.com/en/data-services/routes.html,https://duckduckgo.com/?q=CME+FBX01+FBX01_FUTURE+FBX01+%28Baltic%29+Futures+settles+to+FBX01
CME,CME Group (CME),FBX02_FUTURE,FBX02,FBX02 (Baltic) Futures,FBX02,route,CONTAINERS,FBX,,,FBX02 (Baltic) Futures,,,,,,,,FUTURE,FUTURE,https://www.balticexchange.com/en/data-services/freight-derivatives-/Clearing.html,https://www.balticexchange.com/en/data-services/freight-derivatives-/Clearing.html,https://www.balticexchange.com/en/data-services/routes.html,https://duckduckgo.com/?q=CME+FBX02+FBX02_FUTURE+FBX02+%28Baltic%29+Futures+settles+to+FBX02
CME,CME Group (CME),FBX03_FUTURE,FBX03,FBX03 (Baltic) Futures,FBX03,route,CONTAINERS,FBX,,,FBX03 (Baltic) Futures,,,,,,,,FUTURE,FUTURE,https://www.balticexchange.com/en/data-services/freight-derivatives-/Clearing.html,https://www.balticexchange.com/en/data-services/freight-derivatives-/Clearing.html,https://www.balticexchange.com/en/data-services/routes.html,https://duckduckgo.com/?q=CME+FBX03+FBX03_FUTURE+FBX03+%28Baltic%29+Futures+settles+to+FBX03
CME,CME Group (CME),FBX11_FUTURE,FBX11,FBX11 (Baltic) Futures,FBX11,route,CONTAINERS,FBX,,,FBX11 (Baltic) Futures,,,,,,,,FUTURE,FUTURE,https://www.balticexchange.com/en/data-services/freight-derivatives-/Clearing.html,https://www.balticexchange.com/en/data-services/freight-derivatives-/Clearing.html,https://www.balticexchange.com/en/data-services/routes.html,https://duckduckgo.com/?q=CME+FBX11+FBX11_FUTURE+FBX11+%28Baltic%29+Futures+settles+to+FBX11
CME,CME Group (CME),FBX12_FUTURE,FBX12,FBX12 (Baltic) Futures,FBX12,route,CONTAINERS,FBX,,,FBX12 (Baltic) Futures,,,,,,,,FUTURE,FUTURE,https://www.balticexchange.com/en/data-services/freight-derivatives-/Clearing.html,https://www.balticexchange.com/en/data-services/freight-derivatives-/Clearing.html,https://www.balticexchange.com/en/data-services/routes.html,https://duckduckgo.com/?q=CME+FBX12+FBX12_FUTURE+FBX12+%28Baltic%29+Futures+settles+to+FBX12
CME,CME Group (CME),FBX13_FUTURE,FBX13,FBX13 (Baltic) Futures,FBX13,route,CONTAINERS,FBX,,,FBX13 (Baltic) Futures,,,,,,,,FUTURE,FUTURE,https://www.balticexchange.com/en/data-services/freight-derivatives-/Clearing.html,https://www.balticexchange.com/en/data-services/freight-derivatives-/Clearing.html,https://www.balticexchange.com/en/data-services/routes.html,https://duckduckgo.com/?q=CME+FBX13+FBX13_FUTURE+FBX13+%28Baltic%29+Futures+settles+to+FBX13
CME,CME Group (CME),BLNG1g_FUTURE,BLNG1g,LNG Freight Route BLNG1g (Baltic) Futures,BLNG1g,route,GAS,LNG,,,LNG Freight Route BLNG1g (Baltic) Futures,,,,,,,,FUTURE,FUTURE,https://www.balticexchange.com/en/data-services/freight-derivatives-/Clearing.html,https://www.balticexchange.com/en/data-services/freight-derivatives-/Clearing.html,https://www.balticexchange.com/en/data-services/routes.html,https://duckduckgo.com/?q=CME+BLNG1g+BLNG1g_FUTURE+LNG+Freight+Route+BLNG1g+%28Baltic%29+Futures+settles+to+BLNG1g
CME,CME Group (CME),BLNG2g_FUTURE,BLNG2g,LNG Freight Route BLNG2g (Baltic) Futures,BLNG2g,route,GAS,LNG,,,LNG Freight Route BLNG2g (Baltic) Futures,,,,,,,,FUTURE,FUTURE,https://www.balticexchange.com/en/data-services/freight-derivatives-/Clearing.html,https://www.balticexchange.com/en/data-services/freight-derivatives-/Clearing.html,https://www.balticexchange.com/en/data-services/routes.html,https://duckduckgo.com/?q=CME+BLNG2g+BLNG2g_FUTURE+LNG+Freight+Route+BLNG2g+%28Baltic%29+Futures+settles+to+BLNG2g
CME,CME Group (CME),BLNG3g_FUTURE,BLNG3g,LNG Freight Route BLNG3g (Baltic) Futures,BLNG3g,route,GAS,LNG,,,LNG Freight Route BLNG3g (Baltic) Futures,,,,,,,,FUTURE,FUTURE,https://www.balticexchange.com/en/data-services/freight-derivatives-/Clearing.html,https://www.balticexchange.com/en/data-services/freight-derivatives-/Clearing.html,https://www.balticexchange.com/en/data-services/routes.html,https://duckduckgo.com/?q=CME+BLNG3g+BLNG3g_FUTURE+LNG+Freight+Route+BLNG3g+%28Baltic%29+Futures+settles+to+BLNG3g
CME,CME Group (CME),LPG1_AVG_PRICE_OPTION,LPG1,LPG Freight Route LPG1 Average Price Option,LPG1,route,GAS,LPG,,,LPG Freight Route LPG1 Average Price Option,,,,,,,,OPTION,AVG_PRICE_OPTION,https://www.balticexchange.com/en/data-services/freight-derivatives-/Clearing.html,https://www.balticexchange.com/en/data-services/freight-derivatives-/Clearing.html,https://www.balticexchange.com/en/data-services/routes.html,https://duckduckgo.com/?q=CME+LPG1+LPG1_AVG_PRICE_OPTION+LPG+Freight+Route+LPG1+Average+Price+Option+settles+to+LPG1
CME,CME Group (CME),LPG1_BALMO,LPG1,LPG Freight Route LPG1 (Baltic) BALMO Futures,LPG1,route,GAS,LPG,,,LPG Freight Route LPG1 (Baltic) BALMO Futures,,,,,,,,FUTURE,BALMO,https://www.balticexchange.com/en/data-services/freight-derivatives-/Clearing.html,https://www.balticexchange.com/en/data-services/freight-derivatives-/Clearing.html,https://www.balticexchange.com/en/data-services/routes.html,https://duckduckgo.com/?q=CME+LPG1+LPG1_BALMO+LPG+Freight+Route+LPG1+%28Baltic%29+BALMO+Futures+settles+to+LPG1
CME,CME Group (CME),LPG1_FUTURE,LPG1,LPG Freight Route LPG1 (Baltic) Futures,LPG1,route,GAS,LPG,,,LPG Freight Route LPG1 (Baltic) Futures,,,,,,,,FUTURE,FUTURE,https://www.balticexchange.com/en/data-services/freight-derivatives-/Clearing.html,https://www.balticexchange.com/en/data-services/freight-derivatives-/Clearing.html,https://www.balticexchange.com/en/data-services/routes.html,https://duckduckgo.com/?q=CME+LPG1+LPG1_FUTURE+LPG+Freight+Route+LPG1+%28Baltic%29+Futures+settles+to+LPG1
CME,CME Group (CME),LPG3_FUTURE,LPG3,LPG Freight Route LPG3 (Baltic) Futures,LPG3,route,GAS,LPG,,,LPG Freight Route LPG3 (Baltic) Futures,,,,,,,,FUTURE,FUTURE,https://www.balticexchange.com/en/data-services/freight-derivatives-/Clearing.html,https://www.balticexchange.com/en/data-services/freight-derivatives-/Clearing.html,https://www.balticexchange.com/en/data-services/routes.html,https://duckduckgo.com/?q=CME+LPG3+LPG3_FUTURE+LPG+Freight+Route+LPG3+%28Baltic%29+Futures+settles+to+LPG3
CME,CME Group (CME),TC11_BALMO,TC11,TC11 (Baltic) BALMO Futures,TC11,route,TANKERS,CLEAN,,,TC11 (Baltic) BALMO Futures,,,,,,,,FUTURE,BALMO,https://www.balticexchange.com/en/data-services/freight-derivatives-/Clearing.html,https://www.balticexchange.com/en/data-services/freight-derivatives-/Clearing.html,https://www.balticexchange.com/en/data-services/routes.html,https://duckduckgo.com/?q=CME+TC11+TC11_BALMO+TC11+%28Baltic%29+BALMO+Futures+settles+to+TC11
CME,CME Group (CME),TC11_FUTURE,TC11,TC11 (Baltic) Futures,TC11,route,TANKERS,CLEAN,,,TC11 (Baltic) Futures,,,,,,,,FUTURE,FUTURE,https://www.balticexchange.com/en/data-services/freight-derivatives-/Clearing.html,https://www.balticexchange.com/en/data-services/freight-derivatives-/Clearing.html,https://www.balticexchange.com/en/data-services/routes.html,https://duckduckgo.com/?q=CME+TC11+TC11_FUTURE+TC11+%28Baltic%29+Futures+settles+to+TC11
CME,CME Group (CME),TC12_BALMO,TC12,TC12 (Baltic) BALMO Futures,TC12,route,TANKERS,CLEAN,,,TC12 (Baltic) BALMO Futures,,,,,,,,FUTURE,BALMO,https://www.balticexchange.com/en/data-services/freight-derivatives-/Clearing.html,https://www.balticexchange.com/en/data-services/freight-derivatives-/Clearing.html,https://www.balticexchange.com/en/data-services/routes.html,https://duckduckgo.com/?q=CME+TC12+TC12_BALMO+TC12+%28Baltic%29+BALMO+Futures+settles+to+TC12
CME,CME Group (CME),TC12_FUTURE,TC12,TC12 (Baltic) Futures,TC12,route,TANKERS,CLEAN,,,TC12 (Baltic) Futures,,,,,,,,FUTURE,FUTURE,https://www.balticexchange.com/en/data-services/freight-derivatives-/Clearing.html,https://www.balticexchange.com/en/data-services/freight-derivatives-/Clearing.html,https://www.balticexchange.com/en/data-services/routes.html,https://duckduckgo.com/?q=CME+TC12+TC12_FUTURE+TC12+%28Baltic%29+Futures+settles+to+TC12
CME,CME Group (CME),TC14_BALMO,TC14,TC14 (Baltic) BALMO Futures,TC14,route,TANKERS,CLEAN,,,TC14 (Baltic) BALMO Futures,,,,,,,,FUTURE,BALMO,https://www.balticexchange.com/en/data-services/freight-derivatives-/Clearing.html,https://www.balticexchange.com/en/data-services/freight-derivatives-/Clearing.html,https://www.balticexchange.com/en/data-services/routes.html,https://duckduckgo.com/?q=CME+TC14+TC14_BALMO+TC14+%28Baltic%29+BALMO+Futures+settles+to+TC14
CME,CME Group (CME),TC14_DAILY,TC14,Mini Freight Route TC14 (Baltic) Daily Futures,TC14,route,TANKERS,CLEAN,,,Mini Freight Route TC14 (Baltic) Daily Futures,,,,,,,,FUTURE,DAILY,https://www.balticexchange.com/en/data-services/freight-derivatives-/Clearing.html,https://www.balticexchange.com/en/data-services/freight-derivatives-/Clearing.html,https://www.balticexchange.com/en/data-services/routes.html,https://duckduckgo.com/?q=CME+TC14+TC14_DAILY+Mini+Freight+Route+TC14+%28Baltic%29+Daily+Futures+settles+to+TC14
CME,CME Group (CME),TC14_FUTURE,TC14,TC14 (Baltic) Futures,TC14,route,TANKERS,CLEAN,,,TC14 (Baltic) Futures,,,,,,,,FUTURE,FUTURE,https://www.balticexchange.com/en/data-services/freight-derivatives-/Clearing.html,https://www.balticexchange.com/en/data-services/freight-derivatives-/Clearing.html,https://www.balticexchange.com/en/data-services/routes.html,https://duckduckgo.com/?q=CME+TC14+TC14_FUTURE+TC14+%28Baltic%29+Futures+settles+to+TC14
CME,CME Group (CME),TC15_BALMO,TC15,TC15 (Baltic) BALMO Futures,TC15,route,TANKERS,CLEAN,,,TC15 (Baltic) BALMO Futures,,,,,,,,FUTURE,BALMO,https://www.balticexchange.com/en/data-services/freight-derivatives-/Clearing.html,https://www.balticexchange.com/en/data-services/freight-derivatives-/Clearing.html,https://www.balticexchange.com/en/data-services/routes.html,https://duckduckgo.com/?q=CME+TC15+TC15_BALMO+TC15+%28Baltic%29+BALMO+Futures+settles+to+TC15
CME,CME Group (CME),TC15_FUTURE,TC15,TC15 (Baltic) Futures,TC15,route,TANKERS,CLEAN,,,TC15 (Baltic) Futures,,,,,,,,FUTURE,FUTURE,https://www.balticexchange.com/en/data-services/freight-derivatives-/Clearing.html,https://www.balticexchange.com/en/data-services/freight-derivatives-/Clearing.html,https://www.balticexchange.com/en/data-services/routes.html,https://duckduckgo.com/?q=CME+TC15+TC15_FUTURE+TC15+%28Baltic%29+Futures+settles+to+TC15
CME,CME Group (CME),TC17_FUTURE,TC17,TC17 (Baltic) Futures,TC17,route,TANKERS,CLEAN,,,TC17 (Baltic) Futures,,,,,,,,FUTURE,FUTURE,https://www.balticexchange.com/en/data-services/freight-derivatives-/Clearing.html,https://www.balticexchange.com/en/data-services/freight-derivatives-/Clearing.html,https://www.balticexchange.com/en/data-services/routes.html,https://duckduckgo.com/?q=CME+TC17+TC17_FUTURE+TC17+%28Baltic%29+Futures+settles+to+TC17
CME,CME Group (CME),TC2_AVG_PRICE_OPTION,TC2,TC2 (Baltic) Average Price Option,TC2,route,TANKERS,CLEAN,,,TC2 (Baltic) Average Price Option,,,,,,,,OPTION,AVG_PRICE_OPTION,https://www.balticexchange.com/en/data-services/freight-derivatives-/Clearing.html,https://www.balticexchange.com/en/data-services/freight-derivatives-/Clearing.html,https://www.balticexchange.com/en/data-services/routes.html,https://duckduckgo.com/?q=CME+TC2+TC2_AVG_PRICE_OPTION+TC2+%28Baltic%29+Average+Price+Option+settles+to+TC2
CME,CME Group (CME),TC2_BALMO,TC2,TC2 (Baltic) BALMO Futures,TC2,route,TANKERS,CLEAN,,,TC2 (Baltic) BALMO Futures,,,,,,,,FUTURE,BALMO,https://www.balticexchange.com/en/data-services/freight-derivatives-/Clearing.html,https://www.balticexchange.com/en/data-services/freight-derivatives-/Clearing.html,https://www.balticexchange.com/en/data-services/routes.html,https://duckduckgo.com/?q=CME+TC2+TC2_BALMO+TC2+%28Baltic%29+BALMO+Futures+settles+to+TC2
CME,CME Group (CME),TC2_DAILY,TC2,Mini Freight Route TC2 (Baltic) Daily Futures,TC2,route,TANKERS,CLEAN,,,Mini Freight Route TC2 (Baltic) Daily Futures,,,,,,,,FUTURE,DAILY,https://www.balticexchange.com/en/data-services/freight-derivatives-/Clearing.html,https://www.balticexchange.com/en/data-services/freight-derivatives-/Clearing.html,https://www.balticexchange.com/en/data-services/routes.html,https://duckduckgo.com/?q=CME+TC2+TC2_DAILY+Mini+Freight+Route+TC2+%28Baltic%29+Daily+Futures+settles+to+TC2
CME,CME Group (CME),TC2_FUTURE,TC2,TC2 (Baltic) Futures,TC2,route,TANKERS,CLEAN,,,TC2 (Baltic) Futures,,,,,,,,FUTURE,FUTURE,https://www.balticexchange.com/en/data-services/freight-derivatives-/Clearing.html,https://www.balticexchange.com/en/data-services/freight-derivatives-/Clearing.html,https://www.balticexchange.com/en/data-services/routes.html,https://duckduckgo.com/?q=CME+TC2+TC2_FUTURE+TC2+%28Baltic%29+Futures+settles+to+TC2
CME,CME Group (CME),TC6_BALMO,TC6,TC6 (Baltic) BALMO Futures,TC6,route,TANKERS,CLEAN,,,TC6 (Baltic) BALMO Futures,,,,,,,,FUTURE,BALMO,https://www.balticexchange.com/en/data-services/freight-derivatives-/Clearing.html,https://www.balticexchange.com/en/data-services/freight-derivatives-/Clearing.html,https://www.balticexchange.com/en/data-services/routes.html,https://duckduckgo.com/?q=CME+TC6+TC6_BALMO+TC6+%28Baltic%29+BALMO+Futures+settles+to+TC6
CME,CME Group (CME),TC6_FUTURE,TC6,TC6 (Baltic) Futures,TC6,route,TANKERS,CLEAN,,,TC6 (Baltic) Futures,,,,,,,,FUTURE,FUTURE,https://www.balticexchange.com/en/data-services/freight-derivatives-/Clearing.html,https://www.balticexchange.com/en/data-services/freight-derivatives-/Clearing.html,https://www.balticexchange.com/en/data-services/routes.html,https://duckduckgo.com/?q=CME+TC6+TC6_FUTURE+TC6+%28Baltic%29+Futures+settles+to+TC6
CME,CME Group (CME),TD20_BALMO,TD20,TD20 (Baltic) BALMO Futures,TD20,route,TANKERS,DIRTY,,,TD20 (Baltic) BALMO Futures,,,,,,,,FUTURE,BALMO,https://www.balticexchange.com/en/data-services/freight-derivatives-/Clearing.html,https://www.balticexchange.com/en/data-services/freight-derivatives-/Clearing.html,https://www.balticexchange.com/en/data-services/routes.html,https://duckduckgo.com/?q=CME+TD20+TD20_BALMO+TD20+%28Baltic%29+BALMO+Futures+settles+to+TD20
CME,CME Group (CME),TD20_DAILY,TD20,Mini Freight Route TD20 (Baltic) Daily Futures,TD20,route,TANKERS,DIRTY,,,Mini Freight Route TD20 (Baltic) Daily Futures,,,,,,,,FUTURE,DAILY,https://www.balticexchange.com/en/data-services/freight-derivatives-/Clearing.html,https://www.balticexchange.com/en/data-services/freight-derivatives-/Clearing.html,https://www.balticexchange.com/en/data-services/routes.html,https://duckduckgo.com/?q=CME+TD20+TD20_DAILY+Mini+Freight+Route+TD20+%28Baltic%29+Daily+Futures+settles+to+TD20
CME,CME Group (CME),TD20_FUTURE,TD20,TD20 (Baltic) Futures,TD20,route,TANKERS,DIRTY,,,TD20 (Baltic) Futures,,,,,,,,FUTURE,FUTURE,https://www.balticexchange.com/en/data-services/freight-derivatives-/Clearing.html,https://www.balticexchange.com/en/data-services/freight-derivatives-/Clearing.html,https://www.balticexchange.com/en/data-services/routes.html,https://duckduckgo.com/?q=CME+TD20+TD20_FUTURE+TD20+%28Baltic%29+Futures+settles+to+TD20
CME,CME Group (CME),TD22_FUTURE,TD22,TD22 (Baltic) Futures,TD22,route,TANKERS,DIRTY,,,TD22 (Baltic) Futures,,,,,,,,FUTURE,FUTURE,https://www.balticexchange.com/en/data-services/freight-derivatives-/Clearing.html,https://www.balticexchange.com/en/data-services/freight-derivatives-/Clearing.html,https://www.balticexchange.com/en/data-services/routes.html,https://duckduckgo.com/?q=CME+TD22+TD22_FUTURE+TD22+%28Baltic%29+Futures+settles+to+TD22
CME,CME Group (CME),TD25_FUTURE,TD25,TD25 (Baltic) Futures,TD25,route,TANKERS,DIRTY,,,TD25 (Baltic) Futures,,,,,,,,FUTURE,FUTURE,https://www.balticexchange.com/en/data-services/freight-derivatives-/Clearing.html,https://www.balticexchange.com/en/data-services/freight-derivatives-/Clearing.html,https://www.balticexchange.com/en/data-services/routes.html,https://duckduckgo.com/?q=CME+TD25+TD25_FUTURE+TD25+%28Baltic%29+Futures+settles+to+TD25
CME,CME Group (CME),TD3C_AVG_PRICE_OPTION,TD3C,TD3C (Baltic) Average Price Option,TD3C,route,TANKERS,DIRTY,,,TD3C (Baltic) Average Price Option,,,,,,,,OPTION,AVG_PRICE_OPTION,https://www.balticexchange.com/en/data-services/freight-derivatives-/Clearing.html,https://www.balticexchange.com/en/data-services/freight-derivatives-/Clearing.html,https://www.balticexchange.com/en/data-services/routes.html,https://duckduckgo.com/?q=CME+TD3C+TD3C_AVG_PRICE_OPTION+TD3C+%28Baltic%29+Average+Price+Option+settles+to+TD3C
CME,CME Group (CME),TD3C_BALMO,TD3C,TD3C (Baltic) BALMO Futures,TD3C,route,TANKERS,DIRTY,,,TD3C (Baltic) BALMO Futures,,,,,,,,FUTURE,BALMO,https://www.balticexchange.com/en/data-services/freight-derivatives-/Clearing.html,https://www.balticexchange.com/en/data-services/freight-derivatives-/Clearing.html,https://www.balticexchange.com/en/data-services/routes.html,https://duckduckgo.com/?q=CME+TD3C+TD3C_BALMO+TD3C+%28Baltic%29+BALMO+Futures+settles+to+TD3C
CME,CME Group (CME),TD3C_DAILY,TD3C,Mini Freight Route TD3C (Baltic) Daily Futures,TD3C,route,TANKERS,DIRTY,,,Mini Freight Route TD3C (Baltic) Daily Futures,,,,,,,,FUTURE,DAILY,https://www.balticexchange.com/en/data-services/freight-derivatives-/Clearing.html,https://www.balticexchange.com/en/data-services/freight-derivatives-/Clearing.html,https://www.balticexchange.com/en/data-services/routes.html,https://duckduckgo.com/?q=CME+TD3C+TD3C_DAILY+Mini+Freight+Route+TD3C+%28Baltic%29+Daily+Futures+settles+to+TD3C
CME,CME Group (CME),TD3C_FUTURE,TD3C,TD3C (Baltic) Futures,TD3C,route,TANKERS,DIRTY,,,TD3C (Baltic) Futures,,,,,,,,FUTURE,FUTURE,https://www.balticexchange.com/en/data-services/freight-derivatives-/Clearing.html,https://www.balticexchange.com/en/data-services/freight-derivatives-/Clearing.html,https://www.balticexchange.com/en/data-services/routes.html,https://duckduckgo.com/?q=CME+TD3C+TD3C_FUTURE+TD3C+%28Baltic%29+Futures+settles+to+TD3C
CME,CME Group (CME),TD7_BALMO,TD7,TD7 (Baltic) BALMO Futures,TD7,route,TANKERS,DIRTY,,,TD7 (Baltic) BALMO Futures,,,,,,,,FUTURE,BALMO,https://www.balticexchange.com/en/data-services/freight-derivatives-/Clearing.html,https://www.balticexchange.com/en/data-services/freight-derivatives-/Clearing.html,https://www.balticexchange.com/en/data-services/routes.html,https://duckduckgo.com/?q=CME+TD7+TD7_BALMO+TD7+%28Baltic%29+BALMO+Futures+settles+to+TD7
CME,CME Group (CME),TD7_FUTURE,TD7,TD7 (Baltic) Futures,TD7,route,TANKERS,DIRTY,,,TD7 (Baltic) Futures,,,,,,,,FUTURE,FUTURE,https://www.balticexchange.com/en/data-services/freight-derivatives-/Clearing.html,https://www.balticexchange.com/en/data-services/freight-derivatives-/Clearing.html,https://www.balticexchange.com/en/data-services/routes.html,https://duckduckgo.com/?q=CME+TD7+TD7_FUTURE+TD7+%28Baltic%29+Futures+settles+to+TD7
CME,CME Group (CME),TD8_BALMO,TD8,TD8 (Baltic) BALMO Futures,TD8,route,TANKERS,DIRTY,,,TD8 (Baltic) BALMO Futures,,,,,,,,FUTURE,BALMO,https://www.balticexchange.com/en/data-services/freight-derivatives-/Clearing.html,https://www.balticexchange.com/en/data-services/freight-derivatives-/Clearing.html,https://www.balticexchange.com/en/data-services/routes.html,https://duckduckgo.com/?q=CME+TD8+TD8_BALMO+TD8+%28Baltic%29+BALMO+Futures+settles+to+TD8
CME,CME Group (CME),TD8_FUTURE,TD8,TD8 (Baltic) Futures,TD8,route,TANKERS,DIRTY,,,TD8 (Baltic) Futures,,,,,,,,FUTURE,FUTURE,https://www.balticexchange.com/en/data-services/freight-derivatives-/Clearing.html,https://www.balticexchange.com/en/data-services/freight-derivatives-/Clearing.html,https://www.balticexchange.com/en/data-services/routes.html,https://duckduckgo.com/?q=CME+TD8+TD8_FUTURE+TD8+%28Baltic%29+Futures+settles+to+TD8
EEX,European Energy Exchange (EEX),C3EM,C3EM,C3,C3,route,DRY_BULK,CAPESIZE,USD/tonne,USD,Voyage route; pricing is USD and cents per tonne; final settlement is avg of daily Baltic spot assessments over expiry month,,,,,,,,FUTURE,FUTURE,https://www.eex.com/en/global-commodities/dry-freight,https://www.eex.com/en/global-commodities/dry-freight,https://www.balticexchange.com/en/data-services/routes.html,https://duckduckgo.com/?q=EEX+C3EM+C3+settles+to+C3
EEX,European Energy Exchange (EEX),C5EM,C5EM,C5,C5,route,DRY_BULK,CAPESIZE,USD/tonne,USD,Voyage route; pricing is USD and cents per tonne; final settlement is avg of daily Baltic spot assessments over expiry month,,,,,,,,FUTURE,FUTURE,https://www.eex.com/en/global-commodities/dry-freight,https://www.eex.com/en/global-commodities/dry-freight,https://www.balticexchange.com/en/data-services/routes.html,https://duckduckgo.com/?q=EEX+C5EM+C5+settles+to+C5
EEX,European Energy Exchange (EEX),C5TM,C5TM,C5TC (182),C5TC (182),basket,DRY_BULK,CAPESIZE,USD/day,USD,Timecharter basket; last trade registration day rules apply; final settlement is avg of daily Baltic spot assessments over expiry month,,,,,,,,FUTURE,FUTURE,https://www.eex.com/en/global-commodities/dry-freight,https://www.eex.com/en/global-commodities/dry-freight,https://www.eex.com/en/global-commodities/dry-freight,https://duckduckgo.com/?q=EEX+C5TM+C5TC+%28182%29+settles+to+C5TC+%28182%29
EEX,European Energy Exchange (EEX),C7EM,C7EM,C7,C7,route,DRY_BULK,CAPESIZE,USD/tonne,USD,Voyage route; pricing is USD and cents per tonne; final settlement is avg of daily Baltic spot assessments over expiry month,,,,,,,,FUTURE,FUTURE,https://www.eex.com/en/global-commodities/dry-freight,https://www.eex.com/en/global-commodities/dry-freight,https://www.balticexchange.com/en/data-services/routes.html,https://duckduckgo.com/?q=EEX+C7EM+C7+settles+to+C7
EEX,European Energy Exchange (EEX),CPTM,CPTM,C5TC (180),C5TC (180),basket,DRY_BULK,CAPESIZE,USD/day,USD,Legacy Capesize 5TC variant; final settlement is avg of daily Baltic spot assessments over expiry month,,,,,,,,FUTURE,FUTURE,https://www.eex.com/en/global-commodities/dry-freight,https://www.eex.com/en/global-commodities/dry-freight,https://www.eex.com/en/global-commodities/dry-freight,https://duckduckgo.com/?q=EEX+CPTM+C5TC+%28180%29+settles+to+C5TC+%28180%29
EEX,European Energy Exchange (EEX),O5TM,O5TM,C5TC (182),C5TC (182),basket,DRY_BULK,CAPESIZE,USD,USD,Underlying is the respective future with same maturity; premium up front; in-the-money auto-exercise,,,,,,,,OPTION,OPTION,https://www.eex.com/en/global-commodities/dry-freight,https://www.eex.com/en/global-commodities/dry-freight,https://www.eex.com/en/global-commodities/dry-freight,https://duckduckgo.com/?q=EEX+O5TM+C5TC+%28182%29+settles+to+C5TC+%28182%29
EEX,European Energy Exchange (EEX),OC05,OC05,C5,C5,route,DRY_BULK,CAPESIZE,USD,USD,Underlying is the respective future with same maturity; premium up front; in-the-money auto-exercise,,,,,,,,OPTION,OPTION,https://www.eex.com/en/global-commodities/dry-freight,https://www.eex.com/en/global-commodities/dry-freight,https://www.balticexchange.com/en/data-services/routes.html,https://duckduckgo.com/?q=EEX+OC05+C5+settles+to+C5
EEX,European Energy Exchange (EEX),OCPM,OCPM,C5TC (180),C5TC (180),basket,DRY_BULK,CAPESIZE,USD,USD,Underlying is the respective future with same maturity; premium up front; in-the-money auto-exercise,,,,,,,,OPTION,OPTION,https://www.eex.com/en/global-commodities/dry-freight,https://www.eex.com/en/global-commodities/dry-freight,https://www.eex.com/en/global-commodities/dry-freight,https://duckduckgo.com/?q=EEX+OCPM+C5TC+%28180%29+settles+to+C5TC+%28180%29
EEX,European Energy Exchange (EEX),H7TC,H7TC,H7TC,H7TC,basket,DRY_BULK,HANDYSIZE,USD/day,USD,Timecharter basket; final settlement is avg of daily Baltic spot assessments over expiry month,,,,,,,,FUTURE,FUTURE,https://www.eex.com/en/global-commodities/dry-freight,https://www.eex.com/en/global-commodities/dry-freight,https://www.eex.com/en/global-commodities/dry-freight,https://duckduckgo.com/?q=EEX+H7TC+H7TC+settles+to+H7TC
EEX,European Energy Exchange (EEX),OP5M,OP5M,P5TC,P5TC,basket,DRY_BULK,PANAMAX,USD,USD,Underlying is the respective future with same maturity; premium up front; in-the-money auto-exercise,,,,,,,,OPTION,OPTION,https://www.eex.com/en/global-commodities/dry-freight,https://www.eex.com/en/global-commodities/dry-freight,https://www.eex.com/en/global-commodities/dry-freight,https://duckduckgo.com/?q=EEX+OP5M+P5TC+settles+to+P5TC
EEX,European Energy Exchange (EEX),P5TC,P5TC,P5TC,P5TC,basket,DRY_BULK,PANAMAX,USD/day,USD,Timecharter basket; final settlement is avg of daily Baltic spot assessments over expiry month,,,,,,,,FUTURE,FUTURE,https://www.eex.com/en/global-commodities/dry-freight,https://www.eex.com/en/global-commodities/dry-freight,https://www.eex.com/en/global-commodities/dry-freight,https://duckduckgo.com/?q=EEX+P5TC+P5TC+settles+to+P5TC
EEX,European Energy Exchange (EEX),PE8M,PE8M,P1E_82,P1E_82,route,DRY_BULK,PANAMAX,USD/day,USD,Trip timecharter route; final settlement is avg of daily Baltic spot assessments over expiry month,,,,,,,,FUTURE,FUTURE,https://www.eex.com/en/global-commodities/dry-freight,https://www.eex.com/en/global-commodities/dry-freight,https://www.balticexchange.com/en/data-services/routes.html,https://duckduckgo.com/?q=EEX+PE8M+P1E_82+settles+to+P1E_82
EEX,European Energy Exchange (EEX),PF8M,PF8M,P2E_82,P2E_82,route,DRY_BULK,PANAMAX,USD/day,USD,Trip timecharter route; final settlement is avg of daily Baltic spot assessments over expiry month,,,,,,,,FUTURE,FUTURE,https://www.eex.com/en/global-commodities/dry-freight,https://www.eex.com/en/global-commodities/dry-freight,https://www.balticexchange.com/en/data-services/routes.html,https://duckduckgo.com/?q=EEX+PF8M+P2E_82+settles+to+P2E_82
EEX,European Energy Exchange (EEX),PG8M,PG8M,P3E_82,P3E_82,route,DRY_BULK,PANAMAX,USD/day,USD,Trip timecharter route; final settlement is avg of daily Baltic spot assessments over expiry month,,,,,,,,FUTURE,FUTURE,https://www.eex.com/en/global-commodities/dry-freight,https://www.eex.com/en/global-commodities/dry-freight,https://www.balticexchange.com/en/data-services/routes.html,https://duckduckgo.com/?q=EEX+PG8M+P3E_82+settles+to+P3E_82
EEX,European Energy Exchange (EEX),PREM,PREM,P6_82,P6_82,route,DRY_BULK,PANAMAX,USD/day,USD,Trip timecharter route; final settlement is avg of daily Baltic spot assessments over expiry month,,,,,,,,FUTURE,FUTURE,https://www.eex.com/en/global-commodities/dry-freight,https://www.eex.com/en/global-commodities/dry-freight,https://www.balticexchange.com/en/data-services/routes.html,https://duckduckgo.com/?q=EEX+PREM+P6_82+settles+to+P6_82
EEX,European Energy Exchange (EEX),OPSM,OPSM,S10TC,S10TC,basket,DRY_BULK,SUPRAMAX,USD,USD,Underlying is the respective future with same maturity; premium up front; in-the-money auto-exercise,,,,,,,,OPTION,OPTION,https://www.eex.com/en/global-commodities/dry-freight,https://www.eex.com/en/global-commodities/dry-freight,https://www.eex.com/en/global-commodities/dry-freight,https://duckduckgo.com/?q=EEX+OPSM+S10TC+settles+to+S10TC
EEX,European Energy Exchange (EEX),OS11,OS11,S11TC,S11TC,basket,DRY_BULK,SUPRAMAX,USD,USD,Underlying is the respective future with same maturity; premium up front; in-the-money auto-exercise,,,,,,,,OPTION,OPTION,https://www.eex.com/en/global-commodities/dry-freight,https://www.eex.com/en/global-commodities/dry-freight,https://www.eex.com/en/global-commodities/dry-freight,https://duckduckgo.com/?q=EEX+OS11+S11TC+settles+to+S11TC
EEX,European Energy Exchange (EEX),S11F,S11F,S11TC,S11TC,basket,DRY_BULK,SUPRAMAX,USD/day,USD,Timecharter basket; final settlement is avg of daily Baltic spot assessments over expiry month,,,,,,,,FUTURE,FUTURE,https://www.eex.com/en/global-commodities/dry-freight,https://www.eex.com/en/global-commodities/dry-freight,https://www.eex.com/en/global-commodities/dry-freight,https://duckduckgo.com/?q=EEX+S11F+S11TC+settles+to+S11TC
EEX,European Energy Exchange (EEX),SPTM,SPTM,S10TC,S10TC,basket,DRY_BULK,SUPRAMAX,USD/day,USD,Timecharter basket; final settlement is avg of daily Baltic spot assessments over expiry month,,,,,,,,FUTURE,FUTURE,https://www.eex.com/en/global-commodities/dry-freight,https://www.eex.com/en/global-commodities/dry-freight,https://www.eex.com/en/global-commodities/dry-freight,https://duckduckgo.com/?q=EEX+SPTM+S10TC+settles+to+S10TC
ICE,ICE Futures Europe (ICE),BDI,BDI,Baltic Dry Index (BDI) Future,BDI,index,,,Index points,USD,Daily settlement floating price determined by ICE using multiple market sources; final settlement based on average of Baltic BDI index points during determination period,39,Baltic Dry Index,WRLDBDI,,,4414,BDI_39.json,FUTURE,FUTURE,ProductSpec_83048584.pdf,https://www.balticexchange.com/en/data-services/freight-derivatives-/Clearing.html,https://www.balticexchange.com/en/data-services/market-information0/indices.html,https://duckduckgo.com/?q=ICE+BDI+Baltic+Dry+Index+%28BDI%29+Future+settles+to+BDI
ICE,ICE Futures Europe (ICE),TCH,TCH,Handysize Timecharter (Baltic) Freight Future,BHSI,index,,,Any multiple of 1 day of time charter,USD,Daily settlement floating price determined by ICE using multiple market sources; final settlement is average of Baltic spot assessments over the determination period,41,Baltic Handysize Index,WRLDBHSI,,,4205,BHSI_41.json,FUTURE,FUTURE,ProductSpec_6729757.pdf,https://www.balticexchange.com/en/data-services/freight-derivatives-/Clearing.html,https://www.balticexchange.com/en/data-services/market-information0/indices.html,https://duckduckgo.com/?q=ICE+TCH+Handysize+Timecharter+%28Baltic%29+Freight+Future+settles+to+BHSI
ICE,ICE Futures Europe (ICE),BLPG1_AVG_PRICE_OPTION,BLPG1,LPG (BLPG1) FFA Middle East Gulf to East Average Price Options,BLPG1,route,GAS,LPG,,,LPG (BLPG1) FFA Middle East Gulf to East Average Price Options,,,,,,,,OPTION,AVG_PRICE_OPTION,https://www.balticexchange.com/en/data-services/freight-derivatives-/Clearing.html,https://www.balticexchange.com/en/data-services/freight-derivatives-/Clearing.html,https://www.balticexchange.com/en/data-services/routes.html,https://duckduckgo.com/?q=ICE+BLPG1+BLPG1_AVG_PRICE_OPTION+LPG+%28BLPG1%29+FFA+Middle+East+Gulf+to+East+Average+Price+Options+settles+to+BLPG1
ICE,ICE Futures Europe (ICE),BLPG1_BALMO,BLPG1,LPG (BLPG1) FFA Middle East Gulf to East 44000Mts (Baltic) Balmo Future,BLPG1,route,GAS,LPG,,,LPG (BLPG1) FFA Middle East Gulf to East 44000Mts (Baltic) Balmo Future,,,,,,,,FUTURE,BALMO,https://www.balticexchange.com/en/data-services/freight-derivatives-/Clearing.html,https://www.balticexchange.com/en/data-services/freight-derivatives-/Clearing.html,https://www.balticexchange.com/en/data-services/routes.html,https://duckduckgo.com/?q=ICE+BLPG1+BLPG1_BALMO+LPG+%28BLPG1%29+FFA+Middle+East+Gulf+to+East+44000Mts+%28Baltic%29+Balmo+Future+settles+to+BLPG1
ICE,ICE Futures Europe (ICE),BLPG1_FUTURE,BLPG1,LPG (BLPG1) FFA Middle East Gulf to East 44000Mts (Baltic) Future,BLPG1,route,GAS,LPG,,,LPG (BLPG1) FFA Middle East Gulf to East 44000Mts (Baltic) Future,,,,,,,,FUTURE,FUTURE,https://www.balticexchange.com/en/data-services/freight-derivatives-/Clearing.html,https://www.balticexchange.com/en/data-services/freight-derivatives-/Clearing.html,https://www.balticexchange.com/en/data-services/routes.html,https://duckduckgo.com/?q=ICE+BLPG1+BLPG1_FUTURE+LPG+%28BLPG1%29+FFA+Middle+East+Gulf+to+East+44000Mts+%28Baltic%29+Future+settles+to+BLPG1
ICE,ICE Futures Europe (ICE),BLPG3_FUTURE,BLPG3,LPG (BLPG3) FFA Houston to Chiba (Baltic) Future,BLPG3,route,GAS,LPG,,,LPG (BLPG3) FFA Houston to Chiba (Baltic) Future,,,,,,,,FUTURE,FUTURE,https://www.balticexchange.com/en/data-services/freight-derivatives-/Clearing.html,https://www.balticexchange.com/en/data-services/freight-derivatives-/Clearing.html,https://www.balticexchange.com/en/data-services/routes.html,https://duckduckgo.com/?q=ICE+BLPG3+BLPG3_FUTURE+LPG+%28BLPG3%29+FFA+Houston+to+Chiba+%28Baltic%29+Future+settles+to+BLPG3
ICE,ICE Futures Europe (ICE),TC12_BALMO,TC12,TC12 FFA WCI to Japan (Baltic) Balmo Future,TC12,route,TANKERS,CLEAN,,,TC12 FFA WCI to Japan (Baltic) Balmo Future,,,,,,,,FUTURE,BALMO,https://www.balticexchange.com/en/data-services/freight-derivatives-/Clearing.html,https://www.balticexchange.com/en/data-services/freight-derivatives-/Clearing.html,https://www.balticexchange.com/en/data-services/routes.html,https://duckduckgo.com/?q=ICE+TC12+TC12_BALMO+TC12+FFA+WCI+to+Japan+%28Baltic%29+Balmo+Future+settles+to+TC12
ICE,ICE Futures Europe (ICE),TC12_DAILY,TC12,Daily TC12 FFA WCI to Japan (Baltic) Mini Future,TC12,route,TANKERS,CLEAN,,,Daily TC12 FFA WCI to Japan (Baltic) Mini Future,,,,,,,,FUTURE,DAILY,https://www.balticexchange.com/en/data-services/freight-derivatives-/Clearing.html,https://www.balticexchange.com/en/data-services/freight-derivatives-/Clearing.html,https://www.balticexchange.com/en/data-services/routes.html,https://duckduckgo.com/?q=ICE+TC12+TC12_DAILY+Daily+TC12+FFA+WCI+to+Japan+%28Baltic%29+Mini+Future+settles+to+TC12
ICE,ICE Futures Europe (ICE),TC12_FUTURE,TC12,TC12 FFA WCI to Japan (Baltic) Future,TC12,route,TANKERS,CLEAN,,,TC12 FFA WCI to Japan (Baltic) Future,,,,,,,,FUTURE,FUTURE,https://www.balticexchange.com/en/data-services/freight-derivatives-/Clearing.html,https://www.balticexchange.com/en/data-services/freight-derivatives-/Clearing.html,https://www.balticexchange.com/en/data-services/routes.html,https://duckduckgo.com/?q=ICE+TC12+TC12_FUTURE+TC12+FFA+WCI+to+Japan+%28Baltic%29+Future+settles+to+TC12
ICE,ICE Futures Europe (ICE),TC14_AVG_PRICE_OPTION,TC14,TC14 FFA USGC to Continent (Baltic) Average Price Options,TC14,route,TANKERS,CLEAN,,,TC14 FFA USGC to Continent (Baltic) Average Price Options,,,,,,,,OPTION,AVG_PRICE_OPTION,https://www.balticexchange.com/en/data-services/freight-derivatives-/Clearing.html,https://www.balticexchange.com/en/data-services/freight-derivatives-/Clearing.html,https://www.balticexchange.com/en/data-services/routes.html,https://duckduckgo.com/?q=ICE+TC14+TC14_AVG_PRICE_OPTION+TC14+FFA+USGC+to+Continent+%28Baltic%29+Average+Price+Options+settles+to+TC14
ICE,ICE Futures Europe (ICE),TC14_BALMO,TC14,TC14 FFA USGC to Continent (Baltic) Balmo Future,TC14,route,TANKERS,CLEAN,,,TC14 FFA USGC to Continent (Baltic) Balmo Future,,,,,,,,FUTURE,BALMO,https://www.balticexchange.com/en/data-services/freight-derivatives-/Clearing.html,https://www.balticexchange.com/en/data-services/freight-derivatives-/Clearing.html,https://www.balticexchange.com/en/data-services/routes.html,https://duckduckgo.com/?q=ICE+TC14+TC14_BALMO+TC14+FFA+USGC+to+Continent+%28Baltic%29+Balmo+Future+settles+to+TC14
ICE,ICE Futures Europe (ICE),TC14_DAILY,TC14,Daily TC14 FFA USGC to Continent (Baltic) Mini Future,TC14,route,TANKERS,CLEAN,,,Daily TC14 FFA USGC to Continent (Baltic) Mini Future,,,,,,,,FUTURE,DAILY,https://www.balticexchange.com/en/data-services/freight-derivatives-/Clearing.html,https://www.balticexchange.com/en/data-services/freight-derivatives-/Clearing.html,https://www.balticexchange.com/en/data-services/routes.html,https://duckduckgo.com/?q=ICE+TC14+TC14_DAILY+Daily+TC14+FFA+USGC+to+Continent+%28Baltic%29+Mini+Future+settles+to+TC14
ICE,ICE Futures Europe (ICE),TC15_BALMO,TC15,TC15 FFA Med to Far East (Baltic) Balmo Future,TC15,route,TANKERS,CLEAN,,,TC15 FFA Med to Far East (Baltic) Balmo Future,,,,,,,,FUTURE,BALMO,https://www.balticexchange.com/en/data-services/freight-derivatives-/Clearing.html,https://www.balticexchange.com/en/data-services/freight-derivatives-/Clearing.html,https://www.balticexchange.com/en/data-services/routes.html,https://duckduckgo.com/?q=ICE+TC15+TC15_BALMO+TC15+FFA+Med+to+Far+East+%28Baltic%29+Balmo+Future+settles+to+TC15
ICE,ICE Futures Europe (ICE),TC15_FUTURE,TC15,TC15 FFA Med to Far East (Baltic) Future,TC15,route,TANKERS,CLEAN,,,TC15 FFA Med to Far East (Baltic) Future,,,,,,,,FUTURE,FUTURE,https://www.balticexchange.com/en/data-services/freight-derivatives-/Clearing.html,https://www.balticexchange.com/en/data-services/freight-derivatives-/Clearing.html,https://www.balticexchange.com/en/data-services/routes.html,https://duckduckgo.com/?q=ICE+TC15+TC15_FUTURE+TC15+FFA+Med+to+Far+East+%28Baltic%29+Future+settles+to+TC15
ICE,ICE Futures Europe (ICE),TC17_BALMO,TC17,TC17 FFA AG to East Africa (Baltic) Balmo Future,TC17,route,TANKERS,CLEAN,,,TC17 FFA AG to East Africa (Baltic) Balmo Future,,,,,,,,FUTURE,BALMO,https://www.balticexchange.com/en/data-services/freight-derivatives-/Clearing.html,https://www.balticexchange.com/en/data-services/freight-derivatives-/Clearing.html,https://www.balticexchange.com/en/data-services/routes.html,https://duckduckgo.com/?q=ICE+TC17+TC17_BALMO+TC17+FFA+AG+to+East+Africa+%28Baltic%29+Balmo+Future+settles+to+TC17
ICE,ICE Futures Europe (ICE),TC17_FUTURE,TC17,TC17 FFA Arab Gulf to East Africa (Baltic) Future,TC17,route,TANKERS,CLEAN,,,TC17 FFA Arab Gulf to East Africa (Baltic) Future,,,,,,,,FUTURE,FUTURE,https://www.balticexchange.com/en/data-services/freight-derivatives-/Clearing.html,https://www.balticexchange.com/en/data-services/freight-derivatives-/Clearing.html,https://www.balticexchange.com/en/data-services/routes.html,https://duckduckgo.com/?q=ICE+TC17+TC17_FUTURE+TC17+FFA+Arab+Gulf+to+East+Africa+%28Baltic%29+Future+settles+to+TC17
ICE,ICE Futures Europe (ICE),TC18_BALMO,TC18,TC18 US Gulf to Dubai (Baltic) Balmo Future,TC18,route,TANKERS,CLEAN,,,TC18 US Gulf to Dubai (Baltic) Balmo Future,,,,,,,,FUTURE,BALMO,https://www.balticexchange.com/en/data-services/freight-derivatives-/Clearing.html,https://www.balticexchange.com/en/data-services/freight-derivatives-/Clearing.html,https://www.balticexchange.com/en/data-services/routes.html,https://duckduckgo.com/?q=ICE+TC18+TC18_BALMO+TC18+US+Gulf+to+Dubai+%28Baltic%29+Balmo+Future+settles+to+TC18
ICE,ICE Futures Europe (ICE),TC18_FUTURE,TC18,TC18 FFA - US Gulf to Brazil (Baltic) Future,TC18,route,TANKERS,CLEAN,,,TC18 FFA - US Gulf to Brazil (Baltic) Future,,,,,,,,FUTURE,FUTURE,https://www.balticexchange.com/en/data-services/freight-derivatives-/Clearing.html,https://www.balticexchange.com/en/data-services/freight-derivatives-/Clearing.html,https://www.balticexchange.com/en/data-services/routes.html,https://duckduckgo.com/?q=ICE+TC18+TC18_FUTURE+TC18+FFA+-+US+Gulf+to+Brazil+%28Baltic%29+Future+settles+to+TC18
ICE,ICE Futures Europe (ICE),TC23_BALMO,TC23,TC23 FFA - ARA to UK Cont (Baltic) Balmo Future,TC23,route,TANKERS,CLEAN,,,TC23 FFA - ARA to UK Cont (Baltic) Balmo Future,,,,,,,,FUTURE,BALMO,https://www.balticexchange.com/en/data-services/freight-derivatives-/Clearing.html,https://www.balticexchange.com/en/data-services/freight-derivatives-/Clearing.html,https://www.balticexchange.com/en/data-services/routes.html,https://duckduckgo.com/?q=ICE+TC23+TC23_BALMO+TC23+FFA+-+ARA+to+UK+Cont+%28Baltic%29+Balmo+Future+settles+to+TC23
ICE,ICE Futures Europe (ICE),TC23_FUTURE,TC23,TC23 FFA - ARA to UK Cont (Baltic) Future,TC23,route,TANKERS,CLEAN,,,TC23 FFA - ARA to UK Cont (Baltic) Future,,,,,,,,FUTURE,FUTURE,https://www.balticexchange.com/en/data-services/freight-derivatives-/Clearing.html,https://www.balticexchange.com/en/data-services/freight-derivatives-/Clearing.html,https://www.balticexchange.com/en/data-services/routes.html,https://duckduckgo.com/?q=ICE+TC23+TC23_FUTURE+TC23+FFA+-+ARA+to+UK+Cont+%28Baltic%29+Future+settles+to+TC23
ICE,ICE Futures Europe (ICE),TC2_AVG_PRICE_OPTION,TC2,TC2 FFA Northwest Europe To Usac (Baltic) Average Price Options,TC2,route,TANKERS,CLEAN,,,TC2 FFA Northwest Europe To Usac (Baltic) Average Price Options,,,,,,,,OPTION,AVG_PRICE_OPTION,https://www.balticexchange.com/en/data-services/freight-derivatives-/Clearing.html,https://www.balticexchange.com/en/data-services/freight-derivatives-/Clearing.html,https://www.balticexchange.com/en/data-services/routes.html,https://duckduckgo.com/?q=ICE+TC2+TC2_AVG_PRICE_OPTION+TC2+FFA+Northwest+Europe+To+Usac+%28Baltic%29+Average+Price+Options+settles+to+TC2
ICE,ICE Futures Europe (ICE),TC2_BALMO,TC2,TC2 FFA Northwest Europe to USAC (Baltic) Balmo Future,TC2,route,TANKERS,CLEAN,,,TC2 FFA Northwest Europe to USAC (Baltic) Balmo Future,,,,,,,,FUTURE,BALMO,https://www.balticexchange.com/en/data-services/freight-derivatives-/Clearing.html,https://www.balticexchange.com/en/data-services/freight-derivatives-/Clearing.html,https://www.balticexchange.com/en/data-services/routes.html,https://duckduckgo.com/?q=ICE+TC2+TC2_BALMO+TC2+FFA+Northwest+Europe+to+USAC+%28Baltic%29+Balmo+Future+settles+to+TC2
ICE,ICE Futures Europe (ICE),TC2_DAILY,TC2,Daily TC2 FFA Northwest Europe to USAC (Baltic) Mini Future,TC2,route,TANKERS,CLEAN,,,Daily TC2 FFA Northwest Europe to USAC (Baltic) Mini Future,,,,,,,,FUTURE,DAILY,https://www.balticexchange.com/en/data-services/freight-derivatives-/Clearing.html,https://www.balticexchange.com/en/data-services/freight-derivatives-/Clearing.html,https://www.balticexchange.com/en/data-services/routes.html,https://duckduckgo.com/?q=ICE+TC2+TC2_DAILY+Daily+TC2+FFA+Northwest+Europe+to+USAC+%28Baltic%29+Mini+Future+settles+to+TC2
ICE,ICE Futures Europe (ICE),TC2_FUTURE,TC2,TC2 37 FFA Triangulation with TC14 FFA CPP/UNL Continent to USAC (Baltic) Future,TC2,route,TANKERS,CLEAN,,,TC2 37 FFA Triangulation with TC14 FFA CPP/UNL Continent to USAC (Baltic) Future,,,,,,,,FUTURE,FUTURE,https://www.balticexchange.com/en/data-services/freight-derivatives-/Clearing.html,https://www.balticexchange.com/en/data-services/freight-derivatives-/Clearing.html,https://www.balticexchange.com/en/data-services/routes.html,https://duckduckgo.com/?q=ICE+TC2+TC2_FUTURE+TC2+37+FFA+Triangulation+with+TC14+FFA+CPP%2FUNL+Continent+to+USAC+%28Baltic%29+Future+settles+to+TC2
ICE,ICE Futures Europe (ICE),TC6_AVG_PRICE_OPTION,TC6,TC6 FFA Skikda to Lavera (Cross Med) (Baltic) Average Price Options,TC6,route,TANKERS,CLEAN,,,TC6 FFA Skikda to Lavera (Cross Med) (Baltic) Average Price Options,,,,,,,,OPTION,AVG_PRICE_OPTION,https://www.balticexchange.com/en/data-services/freight-derivatives-/Clearing.html,https://www.balticexchange.com/en/data-services/freight-derivatives-/Clearing.html,https://www.balticexchange.com/en/data-services/routes.html,https://duckduckgo.com/?q=ICE+TC6+TC6_AVG_PRICE_OPTION+TC6+FFA+Skikda+to+Lavera+%28Cross+Med%29+%28Baltic%29+Average+Price+Options+settles+to+TC6
ICE,ICE Futures Europe (ICE),TC6_BALMO,TC6,TC6 FFA Skikda to Lavera (Cross Med) (Baltic) Balmo Future,TC6,route,TANKERS,CLEAN,,,TC6 FFA Skikda to Lavera (Cross Med) (Baltic) Balmo Future,,,,,,,,FUTURE,BALMO,https://www.balticexchange.com/en/data-services/freight-derivatives-/Clearing.html,https://www.balticexchange.com/en/data-services/freight-derivatives-/Clearing.html,https://www.balticexchange.com/en/data-services/routes.html,https://duckduckgo.com/?q=ICE+TC6+TC6_BALMO+TC6+FFA+Skikda+to+Lavera+%28Cross+Med%29+%28Baltic%29+Balmo+Future+settles+to+TC6
ICE,ICE Futures Europe (ICE),TC6_DAILY,TC6,Daily TC6 FFA Skikda to Lavera (Cross Med) (Baltic) Mini Future,TC6,route,TANKERS,CLEAN,,,Daily TC6 FFA Skikda to Lavera (Cross Med) (Baltic) Mini Future,,,,,,,,FUTURE,DAILY,https://www.balticexchange.com/en/data-services/freight-derivatives-/Clearing.html,https://www.balticexchange.com/en/data-services/freight-derivatives-/Clearing.html,https://www.balticexchange.com/en/data-services/routes.html,https://duckduckgo.com/?q=ICE+TC6+TC6_DAILY+Daily+TC6+FFA+Skikda+to+Lavera+%28Cross+Med%29+%28Baltic%29+Mini+Future+settles+to+TC6
ICE,ICE Futures Europe (ICE),TC7_BALMO,TC7,TC7 FFA Singapore to EC Australia (Baltic) Balmo Future,TC7,route,TANKERS,CLEAN,,,TC7 FFA Singapore to EC Australia (Baltic) Balmo Future,,,,,,,,FUTURE,BALMO,https://www.balticexchange.com/en/data-services/freight-derivatives-/Clearing.html,https://www.balticexchange.com/en/data-services/freight-derivatives-/Clearing.html,https://www.balticexchange.com/en/data-services/routes.html,https://duckduckgo.com/?q=ICE+TC7+TC7_BALMO+TC7+FFA+Singapore+to+EC+Australia+%28Baltic%29+Balmo+Future+settles+to+TC7
ICE,ICE Futures Europe (ICE),TC7_FUTURE,TC7,TC7 FFA Singapore to EC Australia (Baltic) Future,TC7,route,TANKERS,CLEAN,,,TC7 FFA Singapore to EC Australia (Baltic) Future,,,,,,,,FUTURE,FUTURE,https://www.balticexchange.com/en/data-services/freight-derivatives-/Clearing.html,https://www.balticexchange.com/en/data-services/freight-derivatives-/Clearing.html,https://www.balticexchange.com/en/data-services/routes.html,https://duckduckgo.com/?q=ICE+TC7+TC7_FUTURE+TC7+FFA+Singapore+to+EC+Australia+%28Baltic%29+Future+settles+to+TC7
ICE,ICE Futures Europe (ICE),TD19_DAILY,TD19,Daily TD19 FFA Cross Med (Ceyhan to Lavera) (Baltic) Mini Future,TD19,route,TANKERS,DIRTY,,,Daily TD19 FFA Cross Med (Ceyhan to Lavera) (Baltic) Mini Future,,,,,,,,FUTURE,DAILY,https://www.balticexchange.com/en/data-services/freight-derivatives-/Clearing.html,https://www.balticexchange.com/en/data-services/freight-derivatives-/Clearing.html,https://www.balticexchange.com/en/data-services/routes.html,https://duckduckgo.com/?q=ICE+TD19+TD19_DAILY+Daily+TD19+FFA+Cross+Med+%28Ceyhan+to+Lavera%29+%28Baltic%29+Mini+Future+settles+to+TD19
ICE,ICE Futures Europe (ICE),TD19_FUTURE,TD19,TD19 Cross Med (Ceyhan to Lavera) (Baltic) Future,TD19,route,TANKERS,DIRTY,,,TD19 Cross Med (Ceyhan to Lavera) (Baltic) Future,,,,,,,,FUTURE,FUTURE,https://www.balticexchange.com/en/data-services/freight-derivatives-/Clearing.html,https://www.balticexchange.com/en/data-services/freight-derivatives-/Clearing.html,https://www.balticexchange.com/en/data-services/routes.html,https://duckduckgo.com/?q=ICE+TD19+TD19_FUTURE+TD19+Cross+Med+%28Ceyhan+to+Lavera%29+%28Baltic%29+Future+settles+to+TD19
ICE,ICE Futures Europe (ICE),TD20_AVG_PRICE_OPTION,TD20,TD20 West Africa to UK Continent (Baltic) Average Price Options,TD20,route,TANKERS,DIRTY,,,TD20 West Africa to UK Continent (Baltic) Average Price Options,,,,,,,,OPTION,AVG_PRICE_OPTION,https://www.balticexchange.com/en/data-services/freight-derivatives-/Clearing.html,https://www.balticexchange.com/en/data-services/freight-derivatives-/Clearing.html,https://www.balticexchange.com/en/data-services/routes.html,https://duckduckgo.com/?q=ICE+TD20+TD20_AVG_PRICE_OPTION+TD20+West+Africa+to+UK+Continent+%28Baltic%29+Average+Price+Options+settles+to+TD20
ICE,ICE Futures Europe (ICE),TD20_BALMO,TD20,TD20 FFA West Africa to UK Continent (Baltic) Balmo Future,TD20,route,TANKERS,DIRTY,,,TD20 FFA West Africa to UK Continent (Baltic) Balmo Future,,,,,,,,FUTURE,BALMO,https://www.balticexchange.com/en/data-services/freight-derivatives-/Clearing.html,https://www.balticexchange.com/en/data-services/freight-derivatives-/Clearing.html,https://www.balticexchange.com/en/data-services/routes.html,https://duckduckgo.com/?q=ICE+TD20+TD20_BALMO+TD20+FFA+West+Africa+to+UK+Continent+%28Baltic%29+Balmo+Future+settles+to+TD20
ICE,ICE Futures Europe (ICE),TD20_DAILY,TD20,Daily TD20 FFA West Africa to UK Continent (Baltic) Mini Future,TD20,route,TANKERS,DIRTY,,,Daily TD20 FFA West Africa to UK Continent (Baltic) Mini Future,,,,,,,,FUTURE,DAILY,https://www.balticexchange.com/en/data-services/freight-derivatives-/Clearing.html,https://www.balticexchange.com/en/data-services/freight-derivatives-/Clearing.html,https://www.balticexchange.com/en/data-services/routes.html,https://duckduckgo.com/?q=ICE+TD20+TD20_DAILY+Daily+TD20+FFA+West+Africa+to+UK+Continent+%28Baltic%29+Mini+Future+settles+to+TD20
ICE,ICE Futures Europe (ICE),TD22_BALMO,TD22,TD22 FFA USG to China (Baltic) Balmo Future,TD22,route,TANKERS,DIRTY,,,TD22 FFA USG to China (Baltic) Balmo Future,,,,,,,,FUTURE,BALMO,https://www.balticexchange.com/en/data-services/freight-derivatives-/Clearing.html,https://www.balticexchange.com/en/data-services/freight-derivatives-/Clearing.html,https://www.balticexchange.com/en/data-services/routes.html,https://duckduckgo.com/?q=ICE+TD22+TD22_BALMO+TD22+FFA+USG+to+China+%28Baltic%29+Balmo+Future+settles+to+TD22
ICE,ICE Futures Europe (ICE),TD22_FUTURE,TD22,TD22 US Gulf to China (Baltic) Future,TD22,route,TANKERS,DIRTY,,,TD22 US Gulf to China (Baltic) Future,,,,,,,,FUTURE,FUTURE,https://www.balticexchange.com/en/data-services/freight-derivatives-/Clearing.html,https://www.balticexchange.com/en/data-services/freight-derivatives-/Clearing.html,https://www.balticexchange.com/en/data-services/routes.html,https://duckduckgo.com/?q=ICE+TD22+TD22_FUTURE+TD22+US+Gulf+to+China+%28Baltic%29+Future+settles+to+TD22
ICE,ICE Futures Europe (ICE),TD25_FUTURE,TD25,TD25 US Gulf to ARA (Baltic) Future,TD25,route,TANKERS,DIRTY,,,TD25 US Gulf to ARA (Baltic) Future,,,,,,,,FUTURE,FUTURE,https://www.balticexchange.com/en/data-services/freight-derivatives-/Clearing.html,https://www.balticexchange.com/en/data-services/freight-derivatives-/Clearing.html,https://www.balticexchange.com/en/data-services/routes.html,https://duckduckgo.com/?q=ICE+TD25+TD25_FUTURE+TD25+US+Gulf+to+ARA+%28Baltic%29+Future+settles+to+TD25
ICE,ICE Futures Europe (ICE),TD28_FUTURE,TD28,TD28 FFA - WC Can to China (Baltic) Future,TD28,route,TANKERS,DIRTY,,,TD28 FFA - WC Can to China (Baltic) Future,,,,,,,,FUTURE,FUTURE,https://www.balticexchange.com/en/data-services/freight-derivatives-/Clearing.html,https://www.balticexchange.com/en/data-services/freight-derivatives-/Clearing.html,https://www.balticexchange.com/en/data-services/routes.html,https://duckduckgo.com/?q=ICE+TD28+TD28_FUTURE+TD28+FFA+-+WC+Can+to+China+%28Baltic%29+Future+settles+to+TD28
ICE,ICE Futures Europe (ICE),TD3C_AVG_PRICE_OPTION,TD3C,TD3C FFA Middle East Gulf to China (Baltic) Average Price Options,TD3C,route,TANKERS,DIRTY,,,TD3C FFA Middle East Gulf to China (Baltic) Average Price Options,,,,,,,,OPTION,AVG_PRICE_OPTION,https://www.balticexchange.com/en/data-services/freight-derivatives-/Clearing.html,https://www.balticexchange.com/en/data-services/freight-derivatives-/Clearing.html,https://www.balticexchange.com/en/data-services/routes.html,https://duckduckgo.com/?q=ICE+TD3C+TD3C_AVG_PRICE_OPTION+TD3C+FFA+Middle+East+Gulf+to+China+%28Baltic%29+Average+Price+Options+settles+to+TD3C
ICE,ICE Futures Europe (ICE),TD3C_BALMO,TD3C,TD3C FFA Middle East Gulf to China (Baltic) Balmo Future,TD3C,route,TANKERS,DIRTY,,,TD3C FFA Middle East Gulf to China (Baltic) Balmo Future,,,,,,,,FUTURE,BALMO,https://www.balticexchange.com/en/data-services/freight-derivatives-/Clearing.html,https://www.balticexchange.com/en/data-services/freight-derivatives-/Clearing.html,https://www.balticexchange.com/en/data-services/routes.html,https://duckduckgo.com/?q=ICE+TD3C+TD3C_BALMO+TD3C+FFA+Middle+East+Gulf+to+China+%28Baltic%29+Balmo+Future+settles+to+TD3C
ICE,ICE Futures Europe (ICE),TD3C_DAILY,TD3C,Daily TD3C FFA Middle East Gulf to China (Baltic) Mini Future,TD3C,route,TANKERS,DIRTY,,,Daily TD3C FFA Middle East Gulf to China (Baltic) Mini Future,,,,,,,,FUTURE,DAILY,https://www.balticexchange.com/en/data-services/freight-derivatives-/Clearing.html,https://www.balticexchange.com/en/data-services/freight-derivatives-/Clearing.html,https://www.balticexchange.com/en/data-services/routes.html,https://duckduckgo.com/?q=ICE+TD3C+TD3C_DAILY+Daily+TD3C+FFA+Middle+East+Gulf+to+China+%28Baltic%29+Mini+Future+settles+to+TD3C
ICE,ICE Futures Europe (ICE),TD3C_FUTURE,TD3C,TD3C FFA Middle East Gulf to China (Baltic) Future,TD3C,route,TANKERS,DIRTY,,,TD3C FFA Middle East Gulf to China (Baltic) Future,,,,,,,,FUTURE,FUTURE,https://www.balticexchange.com/en/data-services/freight-derivatives-/Clearing.html,https://www.balticexchange.com/en/data-services/freight-derivatives-/Clearing.html,https://www.balticexchange.com/en/data-services/routes.html,https://duckduckgo.com/?q=ICE+TD3C+TD3C_FUTURE+TD3C+FFA+Middle+East+Gulf+to+China+%28Baltic%29+Future+settles+to+TD3C
ICE,ICE Futures Europe (ICE),TD7_AVG_PRICE_OPTION,TD7,TD7 FFA UK North Sea To Continent (Baltic) Average Price Options,TD7,route,TANKERS,DIRTY,,,TD7 FFA UK North Sea To Continent (Baltic) Average Price Options,,,,,,,,OPTION,AVG_PRICE_OPTION,https://www.balticexchange.com/en/data-services/freight-derivatives-/Clearing.html,https://www.balticexchange.com/en/data-services/freight-derivatives-/Clearing.html,https://www.balticexchange.com/en/data-services/routes.html,https://duckduckgo.com/?q=ICE+TD7+TD7_AVG_PRICE_OPTION+TD7+FFA+UK+North+Sea+To+Continent+%28Baltic%29+Average+Price+Options+settles+to+TD7
ICE,ICE Futures Europe (ICE),TD7_DAILY,TD7,Daily TD7 FFA UK North Sea to Continent (Baltic) Mini Future,TD7,route,TANKERS,DIRTY,,,Daily TD7 FFA UK North Sea to Continent (Baltic) Mini Future,,,,,,,,FUTURE,DAILY,https://www.balticexchange.com/en/data-services/freight-derivatives-/Clearing.html,https://www.balticexchange.com/en/data-services/freight-derivatives-/Clearing.html,https://www.balticexchange.com/en/data-services/routes.html,https://duckduckgo.com/?q=ICE+TD7+TD7_DAILY+Daily+TD7+FFA+UK+North+Sea+to+Continent+%28Baltic%29+Mini+Future+settles+to+TD7
ICE,ICE Futures Europe (ICE),TD7_FUTURE,TD7,TD7 FFA UK North Sea to Continent (Baltic) Future,TD7,route,TANKERS,DIRTY,,,TD7 FFA UK North Sea to Continent (Baltic) Future,,,,,,,,FUTURE,FUTURE,https://www.balticexchange.com/en/data-services/freight-derivatives-/Clearing.html,https://www.balticexchange.com/en/data-services/freight-derivatives-/Clearing.html,https://www.balticexchange.com/en/data-services/routes.html,https://duckduckgo.com/?q=ICE+TD7+TD7_FUTURE+TD7+FFA+UK+North+Sea+to+Continent+%28Baltic%29+Future+settles+to+TD7
ICE,ICE Futures Europe (ICE),TD8_BALMO,TD8,TD8 FFA Kuwait to Singapore (Baltic) Balmo Future,TD8,route,TANKERS,DIRTY,,,TD8 FFA Kuwait to Singapore (Baltic) Balmo Future,,,,,,,,FUTURE,BALMO,https://www.balticexchange.com/en/data-services/freight-derivatives-/Clearing.html,https://www.balticexchange.com/en/data-services/freight-derivatives-/Clearing.html,https://www.balticexchange.com/en/data-services/routes.html,https://duckduckgo.com/?q=ICE+TD8+TD8_BALMO+TD8+FFA+Kuwait+to+Singapore+%28Baltic%29+Balmo+Future+settles+to+TD8
ICE,ICE Futures Europe (ICE),TD8_DAILY,TD8,Daily TD8 FFA Kuwait to Singapore (Baltic) Mini Future,TD8,route,TANKERS,DIRTY,,,Daily TD8 FFA Kuwait to Singapore (Baltic) Mini Future,,,,,,,,FUTURE,DAILY,https://www.balticexchange.com/en/data-services/freight-derivatives-/Clearing.html,https://www.balticexchange.com/en/data-services/freight-derivatives-/Clearing.html,https://www.balticexchange.com/en/data-services/routes.html,https://duckduckgo.com/?q=ICE+TD8+TD8_DAILY+Daily+TD8+FFA+Kuwait+to+Singapore+%28Baltic%29+Mini+Future+settles+to+TD8
ICE,ICE Futures Europe (ICE),TD8_FUTURE,TD8,TD8 FFA Kuwait to Singapore (Baltic) Future,TD8,route,TANKERS,DIRTY,,,TD8 FFA Kuwait to Singapore (Baltic) Future,,,,,,,,FUTURE,FUTURE,https://www.balticexchange.com/en/data-services/freight-derivatives-/Clearing.html,https://www.balticexchange.com/en/data-services/freight-derivatives-/Clearing.html,https://www.balticexchange.com/en/data-services/routes.html,https://duckduckgo.com/?q=ICE+TD8+TD8_FUTURE+TD8+FFA+Kuwait+to+Singapore+%28Baltic%29+Future+settles+to+TD8
ICE,ICE Futures Europe (ICE),TD9_DAILY,TD9,Daily TD9 FFA Caribbean to US Gulf (Baltic) Mini Future,TD9,route,TANKERS,DIRTY,,,Daily TD9 FFA Caribbean to US Gulf (Baltic) Mini Future,,,,,,,,FUTURE,DAILY,https://www.balticexchange.com/en/data-services/freight-derivatives-/Clearing.html,https://www.balticexchange.com/en/data-services/freight-derivatives-/Clearing.html,https://www.balticexchange.com/en/data-services/routes.html,https://duckduckgo.com/?q=ICE+TD9+TD9_DAILY+Daily+TD9+FFA+Caribbean+to+US+Gulf+%28Baltic%29+Mini+Future+settles+to+TD9
ICE,ICE Futures Europe (ICE),TD9_FUTURE,TD9,TD9 FFA - Caribbean to US Gulf (Baltic) Future,TD9,route,TANKERS,DIRTY,,,TD9 FFA - Caribbean to US Gulf (Baltic) Future,,,,,,,,FUTURE,FUTURE,https://www.balticexchange.com/en/data-services/freight-derivatives-/Clearing.html,https://www.balticexchange.com/en/data-services/freight-derivatives-/Clearing.html,https://www.balticexchange.com/en/data-services/routes.html,https://duckduckgo.com/?q=ICE+TD9+TD9_FUTURE+TD9+FFA+-+Caribbean+to+US+Gulf+%28Baltic%29+Future+settles+to+TD9
SGX,Singapore Exchange (SGX),FBX01_FUTURE,FBX01,FBX01 (Baltic) Futures,FBX01,route,CONTAINERS,FBX,,,FBX01 (Baltic) Futures,,,,,,,,FUTURE,FUTURE,https://www.balticexchange.com/en/data-services/freight-derivatives-/Clearing.html,https://www.balticexchange.com/en/data-services/freight-derivatives-/Clearing.html,https://www.balticexchange.com/en/data-services/routes.html,https://duckduckgo.com/?q=SGX+FBX01+FBX01_FUTURE+FBX01+%28Baltic%29+Futures+settles+to+FBX01
SGX,Singapore Exchange (SGX),FBX03_FUTURE,FBX03,FBX03 (Baltic) Futures,FBX03,route,CONTAINERS,FBX,,,FBX03 (Baltic) Futures,,,,,,,,FUTURE,FUTURE,https://www.balticexchange.com/en/data-services/freight-derivatives-/Clearing.html,https://www.balticexchange.com/en/data-services/freight-derivatives-/Clearing.html,https://www.balticexchange.com/en/data-services/routes.html,https://duckduckgo.com/?q=SGX+FBX03+FBX03_FUTURE+FBX03+%28Baltic%29+Futures+settles+to+FBX03
SGX,Singapore Exchange (SGX),FBX11_FUTURE,FBX11,FBX11 (Baltic) Futures,FBX11,route,CONTAINERS,FBX,,,FBX11 (Baltic) Futures,,,,,,,,FUTURE,FUTURE,https://www.balticexchange.com/en/data-services/freight-derivatives-/Clearing.html,https://www.balticexchange.com/en/data-services/freight-derivatives-/Clearing.html,https://www.balticexchange.com/en/data-services/routes.html,https://duckduckgo.com/?q=SGX+FBX11+FBX11_FUTURE+FBX11+%28Baltic%29+Futures+settles+to+FBX11
SGX,Singapore Exchange (SGX),FBX13_FUTURE,FBX13,FBX13 (Baltic) Futures,FBX13,route,CONTAINERS,FBX,,,FBX13 (Baltic) Futures,,,,,,,,FUTURE,FUTURE,https://www.balticexchange.com/en/data-services/freight-derivatives-/Clearing.html,https://www.balticexchange.com/en/data-services/freight-derivatives-/Clearing.html,https://www.balticexchange.com/en/data-services/routes.html,https://duckduckgo.com/?q=SGX+FBX13+FBX13_FUTURE+FBX13+%28Baltic%29+Futures+settles+to+FBX13
SGX,Singapore Exchange (SGX),C3_FUTURE,C3,Baltic Capesize Route C3 Futures/ FFA,C3,route,DRY_BULK,CAPESIZE,,,Baltic Capesize Route C3 Futures/ FFA,,,,,,,,FUTURE,FUTURE,https://www.balticexchange.com/en/data-services/freight-derivatives-/Clearing.html,https://www.balticexchange.com/en/data-services/freight-derivatives-/Clearing.html,https://www.balticexchange.com/en/data-services/routes.html,https://duckduckgo.com/?q=SGX+C3+C3_FUTURE+Baltic+Capesize+Route+C3+Futures%2F+FFA+settles+to+C3
SGX,Singapore Exchange (SGX),C5TC180_FUTURE,,Baltic Capesize 180 Time Charter Average (5 Routes) Futures/FFA,C5TC (180),basket,DRY_BULK,CAPESIZE,,,Baltic Capesize 180 Time Charter Average (5 Routes) Futures/FFA,,,,,,,,FUTURE,FUTURE,https://www.balticexchange.com/en/data-services/freight-derivatives-/Clearing.html,https://www.balticexchange.com/en/data-services/freight-derivatives-/Clearing.html,https://www.balticexchange.com/en/data-services/market-information0/indices.html,https://duckduckgo.com/?q=SGX+C5TC180_FUTURE+Baltic+Capesize+180+Time+Charter+Average+%285+Routes%29+Futures%2FFFA+settles+to+C5TC+%28180%29
SGX,Singapore Exchange (SGX),C5TC180_OPTION,,Baltic Capesize 180 Time Charter (5 Routes) Average Futures/FFA Options,C5TC (180),basket,DRY_BULK,CAPESIZE,,,Baltic Capesize 180 Time Charter (5 Routes) Average Futures/FFA Options,,,,,,,,OPTION,OPTION,https://www.balticexchange.com/en/data-services/freight-derivatives-/Clearing.html,https://www.balticexchange.com/en/data-services/freight-derivatives-/Clearing.html,https://www.balticexchange.com/en/data-services/market-information0/indices.html,https://duckduckgo.com/?q=SGX+C5TC180_OPTION+Baltic+Capesize+180+Time+Charter+%285+Routes%29+Average+Futures%2FFFA+Options+settles+to+C5TC+%28180%29
SGX,Singapore Exchange (SGX),C5TC182_FUTURE,,Baltic Capesize 182 Time Charter Average (5 Routes) Futures/FFA,C5TC (182),basket,DRY_BULK,CAPESIZE,,,Baltic Capesize 182 Time Charter Average (5 Routes) Futures/FFA,,,,,,,,FUTURE,FUTURE,https://www.balticexchange.com/en/data-services/freight-derivatives-/Clearing.html,https://www.balticexchange.com/en/data-services/freight-derivatives-/Clearing.html,https://www.balticexchange.com/en/data-services/market-information0/indices.html,https://duckduckgo.com/?q=SGX+C5TC182_FUTURE+Baltic+Capesize+182+Time+Charter+Average+%285+Routes%29+Futures%2FFFA+settles+to+C5TC+%28182%29
SGX,Singapore Exchange (SGX),C5TC182_OPTION,,Baltic Capesize 182 Time Charter (5 Routes) Average Futures/FFA Options,C5TC (182),basket,DRY_BULK,CAPESIZE,,,Baltic Capesize 182 Time Charter (5 Routes) Average Futures/FFA Options,,,,,,,,OPTION,OPTION,https://www.balticexchange.com/en/data-services/freight-derivatives-/Clearing.html,https://www.balticexchange.com/en/data-services/freight-derivatives-/Clearing.html,https://www.balticexchange.com/en/data-services/market-information0/indices.html,https://duckduckgo.com/?q=SGX+C5TC182_OPTION+Baltic+Capesize+182+Time+Charter+%285+Routes%29+Average+Futures%2FFFA+Options+settles+to+C5TC+%28182%29
SGX,Singapore Exchange (SGX),C5_FUTURE,C5,Baltic Capesize Route C5 Futures/FFA,C5,route,DRY_BULK,CAPESIZE,,,Baltic Capesize Route C5 Futures/FFA,,,,,,,,FUTURE,FUTURE,https://www.balticexchange.com/en/data-services/freight-derivatives-/Clearing.html,https://www.balticexchange.com/en/data-services/freight-derivatives-/Clearing.html,https://www.balticexchange.com/en/data-services/routes.html,https://duckduckgo.com/?q=SGX+C5+C5_FUTURE+Baltic+Capesize+Route+C5+Futures%2FFFA+settles+to+C5
SGX,Singapore Exchange (SGX),C7_FUTURE,C7,Baltic Capesize Route C7 Futures/FFA,C7,route,DRY_BULK,CAPESIZE,,,Baltic Capesize Route C7 Futures/FFA,,,,,,,,FUTURE,FUTURE,https://www.balticexchange.com/en/data-services/freight-derivatives-/Clearing.html,https://www.balticexchange.com/en/data-services/freight-derivatives-/Clearing.html,https://www.balticexchange.com/en/data-services/routes.html,https://duckduckgo.com/?q=SGX+C7+C7_FUTURE+Baltic+Capesize+Route+C7+Futures%2FFFA+settles+to+C7
SGX,Singapore Exchange (SGX),H7TC_FUTURE,,Baltic Handysize Time Charter Average ( 7 Routes) Futures/FFA,H7TC,basket,DRY_BULK,HANDYSIZE,,,Baltic Handysize Time Charter Average ( 7 Routes) Futures/FFA,,,,,,,,FUTURE,FUTURE,https://www.balticexchange.com/en/data-services/freight-derivatives-/Clearing.html,https://www.balticexchange.com/en/data-services/freight-derivatives-/Clearing.html,https://www.balticexchange.com/en/data-services/market-information0/indices.html,https://duckduckgo.com/?q=SGX+H7TC_FUTURE+Baltic+Handysize+Time+Charter+Average+%28+7+Routes%29+Futures%2FFFA+settles+to+H7TC
SGX,Singapore Exchange (SGX),P2E_FUTURE,P2E,Baltic Panamax Route P2E Futures/FFA,P2E,route,DRY_BULK,PANAMAX,,,Baltic Panamax Route P2E Futures/FFA,,,,,,,,FUTURE,FUTURE,https://www.balticexchange.com/en/data-services/freight-derivatives-/Clearing.html,https://www.balticexchange.com/en/data-services/freight-derivatives-/Clearing.html,https://www.balticexchange.com/en/data-services/routes.html,https://duckduckgo.com/?q=SGX+P2E+P2E_FUTURE+Baltic+Panamax+Route+P2E+Futures%2FFFA+settles+to+P2E
SGX,Singapore Exchange (SGX),P5TC_FUTURE,,Baltic Panamax Time Charter Average (5 Routes) Futures/FFA,P5TC,basket,DRY_BULK,PANAMAX,,,Baltic Panamax Time Charter Average (5 Routes) Futures/FFA,,,,,,,,FUTURE,FUTURE,https://www.balticexchange.com/en/data-services/freight-derivatives-/Clearing.html,https://www.balticexchange.com/en/data-services/freight-derivatives-/Clearing.html,https://www.balticexchange.com/en/data-services/market-information0/indices.html,https://duckduckgo.com/?q=SGX+P5TC_FUTURE+Baltic+Panamax+Time+Charter+Average+%285+Routes%29+Futures%2FFFA+settles+to+P5TC
SGX,Singapore Exchange (SGX),P5TC_OPTION,,Baltic Panamax Time Charter Average (5 Routes) Futures/FFA Options,P5TC,basket,DRY_BULK,PANAMAX,,,Baltic Panamax Time Charter Average (5 Routes) Futures/FFA Options,,,,,,,,OPTION,OPTION,https://www.balticexchange.com/en/data-services/freight-derivatives-/Clearing.html,https://www.balticexchange.com/en/data-services/freight-derivatives-/Clearing.html,https://www.balticexchange.com/en/data-services/market-information0/indices.html,https://duckduckgo.com/?q=SGX+P5TC_OPTION+Baltic+Panamax+Time+Charter+Average+%285+Routes%29+Futures%2FFFA+Options+settles+to+P5TC
SGX,Singapore Exchange (SGX),S10TC_FUTURE,,Baltic Supramax Time Charter Average (10 Routes) Futures/FFA,S10TC,basket,DRY_BULK,SUPRAMAX,,,Baltic Supramax Time Charter Average (10 Routes) Futures/FFA,,,,,,,,FUTURE,FUTURE,https://www.balticexchange.com/en/data-services/freight-derivatives-/Clearing.html,https://www.balticexchange.com/en/data-services/freight-derivatives-/Clearing.html,https://www.balticexchange.com/en/data-services/market-information0/indices.html,https://duckduckgo.com/?q=SGX+S10TC_FUTURE+Baltic+Supramax+Time+Charter+Average+%2810+Routes%29+Futures%2FFFA+settles+to+S10TC
SGX,Singapore Exchange (SGX),S10TC_OPTION,,Baltic Supramax Time Charter (10 Routes) Average Futures/FFA Options,S10TC,basket,DRY_BULK,SUPRAMAX,,,Baltic Supramax Time Charter (10 Routes) Average Futures/FFA Options,,,,,,,,OPTION,OPTION,https://www.balticexchange.com/en/data-services/freight-derivatives-/Clearing.html,https://www.balticexchange.com/en/data-services/freight-derivatives-/Clearing.html,https://www.balticexchange.com/en/data-services/market-information0/indices.html,https://duckduckgo.com/?q=SGX+S10TC_OPTION+Baltic+Supramax+Time+Charter+%2810+Routes%29+Average+Futures%2FFFA+Options+settles+to+S10TC
SGX,Singapore Exchange (SGX),BLNG1g_FUTURE,BLNG1g,LNG Freight Route BLNG1g (Baltic) Futures,BLNG1g,route,GAS,LNG,,,LNG Freight Route BLNG1g (Baltic) Futures,,,,,,,,FUTURE,FUTURE,https://www.balticexchange.com/en/data-services/freight-derivatives-/Clearing.html,https://www.balticexchange.com/en/data-services/freight-derivatives-/Clearing.html,https://www.balticexchange.com/en/data-services/routes.html,https://duckduckgo.com/?q=SGX+BLNG1g+BLNG1g_FUTURE+LNG+Freight+Route+BLNG1g+%28Baltic%29+Futures+settles+to+BLNG1g
SGX,Singapore Exchange (SGX),BLNG2g_FUTURE,BLNG2g,LNG Freight Route BLNG2g (Baltic) Futures,BLNG2g,route,GAS,LNG,,,LNG Freight Route BLNG2g (Baltic) Futures,,,,,,,,FUTURE,FUTURE,https://www.balticexchange.com/en/data-services/freight-derivatives-/Clearing.html,https://www.balticexchange.com/en/data-services/freight-derivatives-/Clearing.html,https://www.balticexchange.com/en/data-services/routes.html,https://duckduckgo.com/?q=SGX+BLNG2g+BLNG2g_FUTURE+LNG+Freight+Route+BLNG2g+%28Baltic%29+Futures+settles+to+BLNG2g
SGX,Singapore Exchange (SGX),BLNG3g_FUTURE,BLNG3g,LNG Freight Route BLNG3g (Baltic) Futures,BLNG3g,route,GAS,LNG,,,LNG Freight Route BLNG3g (Baltic) Futures,,,,,,,,FUTURE,FUTURE,https://www.balticexchange.com/en/data-services/freight-derivatives-/Clearing.html,https://www.balticexchange.com/en/data-services/freight-derivatives-/Clearing.html,https://www.balticexchange.com/en/data-services/routes.html,https://duckduckgo.com/?q=SGX+BLNG3g+BLNG3g_FUTURE+LNG+Freight+Route+BLNG3g+%28Baltic%29+Futures+settles+to+BLNG3g
